Account,Status,B/S,Qty,UnFld,Symbol,Avg Fill P,Type,LMT P,DUR,Fld (2230),Place T,#,User,Fill T,Fee
PSCMEPRC0003 DEMO,Filled,BUY,1,0,EPZ25,6780.75,MKT,,DAY,1,10/6/25 10:17:45 AM,1882018906,PRCK7Vrl,10/6/25 10:17:46 AM,
PSCMEPRC0003 DEMO,Filled,BUY,1,0,ENQZ25,25098.50,MKT,,DAY,1,10/6/25 10:18:08 AM,1882048485,PRCK7Vrl,10/6/25 10:18:08 AM,
PSCMEPRC0003 DEMO,Filled,BUY,1,0,USAZ25,116'170,MKT,,DAY,1,10/6/25 10:18:39 AM,1882028714,PRCK7Vrl,10/6/25 10:18:52 AM,
PSCMEPRC0003 DEMO,Filled,BUY,1,0,GCEZ25,3970.5,MKT,,DAY,1,10/6/25 10:24:44 AM,1881999378,PRCMqCaX,10/6/25 10:24:45 AM,
PSCMEPRC0003 DEMO,Filled,SELL,1,0,USAZ25,116'170,MKT,,DAY,1,10/6/25 10:25:29 AM,1882018974,PRCK7Vrl,10/6/25 10:25:29 AM,
PSCMEPRC0003 DEMO,Filled,BUY,8,0,CLEX25,61.83,MKT,,DAY,8,10/6/25 10:35:54 AM,1882009367,PRCDS2Su,10/6/25 10:35:54 AM,
PSCMEPRC0003 DEMO,Filled,SELL,1,0,CLEX25,61.89,LMT,,DAY,1,10/6/25 10:39:35 AM,1882028884,PRCDS2Su,10/6/25 10:39:35 AM,
PSCMEPRC0003 DEMO,Filled,SELL,7,0,CLEX25,61.91,MKT,,DAY,7,10/6/25 10:39:48 AM,1882039145,PRCDS2Su,10/6/25 10:39:48 AM,
PSCMEPRC0003 DEMO,Filled,SELL,5,0,CLEX25,61.90,MKT,,DAY,5,10/6/25 10:45:50 AM,1882009467,PRCDS2Su,10/6/25 10:45:51 AM,
PSCMEPRC0003 DEMO,Filled,BUY,5,0,CLEX25,61.86,MKT,,DAY,5,10/6/25 10:47:20 AM,1882039216,PRCDS2Su,10/6/25 10:47:20 AM,
PSCMEPRC0003 DEMO,Filled,BUY,5,0,ZWAZ25,515'2,LMT,,DAY,5,10/6/25 10:51:37 AM,1882028988,PRCMqCaX,10/6/25 10:52:10 AM,
PSCMEPRC0003 DEMO,Filled,SELL,5,0,CLEX25,61.89,MKT,,DAY,5,10/6/25 10:52:41 AM,1881999634,PRCDS2Su,10/6/25 10:52:42 AM,
PSCMEPRC0003 DEMO,Filled,BUY,5,0,CLEX25,61.84,MKT,,DAY,5,10/6/25 10:55:41 AM,1882039299,PRCDS2Su,10/6/25 10:55:41 AM,
PSCMEPRC0003 DEMO,Filled,BUY,10,0,CLEX25,61.86,MKT,,DAY,10,10/6/25 11:03:22 AM,1881999743,PRCDS2Su,10/6/25 11:03:22 AM,
PSCMEPRC0003 DEMO,Filled,BUY,9,0,GCEZ25,3967.9,LMT,,DAY,9,10/6/25 11:04:09 AM,1882009662,PRCMqCaX,10/6/25 11:04:20 AM,
PSCMEPRC0003 DEMO,Filled,SELL,10,0,CLEX25,61.90,MKT,,DAY,10,10/6/25 11:09:36 AM,1882029147,PRCDS2Su,10/6/25 11:09:36 AM,
PSCMEPRC0003 DEMO,Filled,BUY,5,0,SIEZ25,48.340,LMT,,DAY,5,10/6/25 12:31:45 PM,1882000594,PRCMqCaX,10/6/25 1:00:10 PM,
PSCMEPRC0003 DEMO,Filled,SELL,10,0,CLEX25,61.54,MKT,,DAY,10,10/6/25 4:08:57 PM,1882245060,PRCDS2Su,10/6/25 4:08:57 PM,
PSCMEPRC0003 DEMO,Filled,BUY,10,0,CLEX25,61.53,MKT,,DAY,10,10/6/25 4:10:26 PM,1882235324,PRCDS2Su,10/6/25 4:10:26 PM,
PSCMEPRC0003 DEMO,Filled,BUY,10,0,RBEX25,1.8964,MKT,,DAY,10,10/6/25 4:11:14 PM,1882215894,PRCDS2Su,10/6/25 4:11:16 PM,
PSCMEPRC0003 DEMO,Filled,SELL,10,0,RBEX25,1.8967,MKT,,DAY,10,10/6/25 4:12:05 PM,1882235393,PRCDS2Su,10/6/25 4:12:05 PM,
PSCMEPRC0003 DEMO,Filled,BUY,15,0,CLEX25,61.66,MKT,,DAY,15,10/6/25 4:12:53 PM,1882225698,PRCDS2Su,10/6/25 4:12:53 PM,
PSCMEPRC0003 DEMO,Filled,SELL,15,0,CLEX25,61.68,MKT,,DAY,15,10/6/25 4:28:23 PM,1882216698,PRCDS2Su,10/6/25 4:28:23 PM,
PSCMEPRC0003 DEMO,Filled,BUY,10,0,RBEX25,1.8991,MKT,,DAY,10,10/6/25 4:29:53 PM,1882216770,PRCDS2Su,10/6/25 4:29:53 PM,
PSCMEPRC0003 DEMO,Filled,SELL,10,0,RBEX25,1.8996,MKT,,DAY,10,10/6/25 4:39:12 PM,1882217978,PRCDS2Su,10/6/25 4:39:13 PM,
PSCMEPRC0003 DEMO,Filled,SELL,5,0,CLEX25,61.34,MKT,,DAY,5,10/6/25 4:54:27 PM,1882248670,PRCDS2Su,10/6/25 4:54:27 PM,
PSCMEPRC0003 DEMO,Filled,BUY,5,0,CLEX25,61.33,MKT,,DAY,5,10/6/25 4:55:14 PM,1882229059,PRCDS2Su,10/6/25 4:55:14 PM,
PSCMEPRC0003 DEMO,Filled,SELL,10,0,CLEX25,61.29,MKT,,DAY,10,10/6/25 4:58:36 PM,1882229463,PRCDS2Su,10/6/25 4:58:36 PM,
PSCMEPRC0003 DEMO,Filled,BUY,10,0,CLEX25,61.28,MKT,,DAY,10,10/6/25 5:00:30 PM,1882200079,PRCDS2Su,10/6/25 5:00:30 PM,
PSCMEPRC0003 DEMO,Filled,SELL,1,0,ENQZ25,25176.00,MKT,,DAY,1,10/6/25 5:42:05 PM,1882381584,PRCK7Vrl,10/6/25 5:42:05 PM,
PSCMEPRC0003 DEMO,Filled,SELL,1,0,EPZ25,6785.25,MKT,,DAY,1,10/6/25 5:42:13 PM,1882381591,PRCK7Vrl,10/6/25 5:42:13 PM,
PSCMEPRC0003 DEMO,Filled,BUY,1,0,USAZ25,116'130,MKT,,DAY,1,10/7/25 8:42:05 AM,1882486521,PRCK7Vrl,10/7/25 8:42:05 AM,
PSCMEPRC0003 DEMO,Filled,BUY,1,0,TYAZ25,112'140,MKT,,DAY,1,10/7/25 8:42:46 AM,1882486524,PRCK7Vrl,10/7/25 8:42:46 AM,
PSCMEPRC0003 DEMO,Filled,SELL,10,0,RBEX25,1.9041,MKT,,DAY,10,10/7/25 9:21:30 AM,1882506613,PRCDS2Su,10/7/25 9:21:32 AM,
PSCMEPRC0003 DEMO,Filled,BUY,10,0,RBEX25,1.9031,MKT,,DAY,10,10/7/25 9:24:09 AM,1882458068,PRCDS2Su,10/7/25 9:24:10 AM,
PSCMEPRC0003 DEMO,Filled,BUY,10,0,RBEX25,1.9038,MKT,,DAY,10,10/7/25 9:26:41 AM,1882496912,PRCDS2Su,10/7/25 9:26:42 AM,
PSCMEPRC0003 DEMO,Filled,BUY,10,0,CLEX25,61.56,MKT,,DAY,10,10/7/25 9:43:26 AM,1882458192,PRCDS2Su,10/7/25 9:43:26 AM,
PSCMEPRC0003 DEMO,Filled,SELL,10,0,CLEX25,61.72,MKT,,DAY,10,10/7/25 9:53:14 AM,1882497097,PRCDS2Su,10/7/25 9:53:15 AM,
PSCMEPRC0003 DEMO,Filled,SELL,10,0,RBEX25,1.9055,MKT,,DAY,10,10/7/25 10:13:22 AM,1882506907,PRCDS2Su,10/7/25 10:13:25 AM,
PSCMEPRC0003 DEMO,Filled,SELL,10,0,CLEX25,61.74,MKT,,DAY,10,10/7/25 10:36:11 AM,1882478981,PRCDS2Su,10/7/25 10:36:14 AM,
PSCMEPRC0003 DEMO,Filled,BUY,10,0,CLEX25,61.61,MKT,,DAY,10,10/7/25 10:40:17 AM,1882479035,PRCDS2Su,10/7/25 10:40:17 AM,
PSCMEPRC0003 DEMO,Filled,BUY,15,0,CLEX25,61.43,MKT,,DAY,15,10/7/25 11:13:39 AM,1882459013,PRCDS2Su,10/7/25 11:13:40 AM,
PSCMEPRC0003 DEMO,Filled,BUY,1,0,CLEX25,61.32,MKT,,DAY,1,10/7/25 11:31:25 AM,1882498099,PRCDS2Su,10/7/25 11:31:25 AM,
PSCMEPRC0003 DEMO,Filled,BUY,5,0,CLEX25,61.34,MKT,,DAY,5,10/7/25 11:33:01 AM,1882470070,PRCDS2Su,10/7/25 11:33:02 AM,
PSCMEPRC0003 DEMO,Filled,SELL,21,0,CLEX25,61.52,MKT,,DAY,21,10/7/25 11:44:33 AM,1882470192,PRCDS2Su,10/7/25 11:44:35 AM,
PSCMEPRC0003 DEMO,Filled,SELL,1,0,ZWAZ25,512'6,LMT,,DAY,1,10/7/25 11:58:07 AM,1882470352,PRCMqCaX,10/7/25 12:41:13 PM,
PSCMEPRC0003 DEMO,Filled,SELL,5,0,ZWAZ25,512'2,MKT,,DAY,5,10/7/25 12:34:50 PM,1882480322,PRCMqCaX,10/7/25 12:34:51 PM,
PSCMEPRC0003 DEMO,Filled,BUY,5,0,CLEX25,61.78,MKT,,DAY,5,10/7/25 1:29:45 PM,1882509176,PRCDS2Su,10/7/25 1:29:45 PM,
PSCMEPRC0003 DEMO,Filled,SELL,10,0,CLEX25,61.71,MKT,,DAY,10,10/7/25 1:30:56 PM,1882460548,PRCDS2Su,10/7/25 1:30:57 PM,
PSCMEPRC0003 DEMO,Filled,SELL,10,0,CLEX25,61.70,MKT,,DAY,10,10/7/25 1:34:34 PM,1882531522,PRCDS2Su,10/7/25 1:34:34 PM,
PSCMEPRC0003 DEMO,Filled,BUY,15,0,CLEX25,61.65,MKT,,DAY,15,10/7/25 1:47:15 PM,1882531709,PRCDS2Su,10/7/25 1:47:17 PM,
PSCMEPRC0003 DEMO,Filled,BUY,20,0,CLEX25,61.43,MKT,,DAY,20,10/7/25 2:45:37 PM,1882490511,PRCDS2Su,10/7/25 2:45:37 PM,
PSCMEPRC0003 DEMO,Filled,BUY,5,0,CLEX25,61.38,MKT,,DAY,5,10/7/25 2:59:49 PM,1882532954,PRCDS2Su,10/7/25 2:59:49 PM,
PSCMEPRC0003 DEMO,Filled,BUY,5,0,CLEX25,61.01,MKT,,DAY,5,10/7/25 3:11:34 PM,1882510850,PRCDS2Su,10/7/25 3:11:34 PM,
PSCMEPRC0003 DEMO,Filled,SELL,30,0,CLEX25,61.57,MKT,,DAY,30,10/7/25 3:34:27 PM,1882543577,PRCDS2Su,10/7/25 3:34:27 PM,
PSCMEPRC0003 DEMO,Filled,SELL,5,0,SIEZ25,48.590,MKT,,DAY,5,10/8/25 10:22:50 AM,1883073906,PRCMqCaX,10/8/25 10:22:51 AM,
PSCMEPRC0003 DEMO,Filled,SELL,5,0,GCEZ25,4063.0,LMT,,DAY,5,10/8/25 10:24:01 AM,1883083793,PRCMqCaX,10/8/25 11:46:00 AM,
PSCMEPRC0003 DEMO,Filled,SELL,5,0,GCEZ25,4061.3,MKT,,DAY,5,10/8/25 10:25:58 AM,1883083815,PRCMqCaX,10/8/25 10:25:58 AM,
PSCMEPRC0003 DEMO,Filled,SELL,15,0,CLEX25,62.56,MKT,,DAY,15,10/8/25 11:26:02 AM,1883094201,PRCDS2Su,10/8/25 11:26:02 AM,
PSCMEPRC0003 DEMO,Filled,BUY,1,0,ZWAZ25,506'4,MKT,,DAY,1,10/8/25 12:20:24 PM,1883038262,PRCMqCaX,10/8/25 12:20:24 PM,
PSCMEPRC0003 DEMO,Filled,BUY,15,0,CLEX25,62.45,MKT,,DAY,15,10/8/25 12:31:29 PM,1883057226,PRCDS2Su,10/8/25 12:31:29 PM,
PSCMEPRC0003 DEMO,Filled,BUY,10,0,GCEZ25,4056.7,MKT,,DAY,10,10/8/25 12:38:12 PM,1883095065,PRCMqCaX,10/8/25 12:38:12 PM,
PSCMEPRC0003 DEMO,Filled,BUY,5,0,CLEX25,62.45,MKT,,DAY,5,10/8/25 1:00:20 PM,1883038675,PRCDS2Su,10/8/25 1:00:20 PM,
PSCMEPRC0003 DEMO,Filled,SELL,5,0,CLEX25,62.54,MKT,,DAY,5,10/8/25 1:04:13 PM,1883038715,PRCDS2Su,10/8/25 1:04:13 PM,
PSCMEPRC0003 DEMO,Filled,BUY,10,0,CLEX25,62.69,MKT,,DAY,10,10/8/25 1:56:18 PM,1883048812,PRCDS2Su,10/8/25 1:56:18 PM,
PSCMEPRC0003 DEMO,Filled,SELL,10,0,CLEX25,62.67,MKT,,DAY,10,10/8/25 1:58:13 PM,1883057956,PRCDS2Su,10/8/25 1:58:14 PM,
PSCMEPRC0003 DEMO,Filled,SELL,10,0,CLEX25,62.67,MKT,,DAY,10,10/8/25 1:58:23 PM,1883095769,PRCDS2Su,10/8/25 1:58:23 PM,
PSCMEPRC0003 DEMO,Filled,SELL,10,0,CLEX25,62.78,MKT,,DAY,10,10/8/25 2:16:18 PM,1883058200,PRCDS2Su,10/8/25 2:16:18 PM,
PSCMEPRC0003 DEMO,Filled,BUY,20,0,CLEX25,62.64,MKT,,DAY,20,10/8/25 3:01:30 PM,1883076705,PRCDS2Su,10/8/25 3:01:30 PM,
PSCMEPRC0003 DEMO,Filled,BUY,20,0,CLEX25,62.46,MKT,,DAY,20,10/8/25 3:09:58 PM,1883087027,PRCDS2Su,10/8/25 3:09:59 PM,
PSCMEPRC0003 DEMO,Filled,SELL,5,0,RBEX25,1.9039,MKT,,DAY,5,10/8/25 3:16:33 PM,1883096935,PRCDS2Su,10/8/25 3:16:33 PM,
PSCMEPRC0003 DEMO,Filled,BUY,5,0,RBEX25,1.9052,MKT,,DAY,5,10/8/25 3:20:15 PM,1883097024,PRCDS2Su,10/8/25 3:20:16 PM,
PSCMEPRC0003 DEMO,Filled,SELL,5,0,RBEX25,1.9044,MKT,,DAY,5,10/8/25 4:32:01 PM,1883132202,PRCDS2Su,10/8/25 4:32:02 PM,
PSCMEPRC0003 DEMO,Filled,BUY,5,0,RBEX25,1.9036,MKT,,DAY,5,10/8/25 4:32:35 PM,1883151862,PRCDS2Su,10/8/25 4:32:36 PM,
PSCMEPRC0003 DEMO,Filled,SELL,5,0,RBEX25,1.9011,MKT,,DAY,5,10/8/25 4:33:09 PM,1883123977,PRCDS2Su,10/8/25 4:33:09 PM,
PSCMEPRC0003 DEMO,Filled,BUY,5,0,RBEX25,1.9004,MKT,,DAY,5,10/8/25 4:35:21 PM,1883142227,PRCDS2Su,10/8/25 4:35:22 PM,
PSCMEPRC0003 DEMO,Filled,SELL,20,0,CLEX25,62.62,MKT,,DAY,20,10/8/25 5:07:03 PM,1883153043,PRCDS2Su,10/8/25 5:07:04 PM,
PSCMEPRC0003 DEMO,Filled,SELL,10,0,ZLEZ25,51.27,MKT,,DAY,10,10/8/25 5:37:51 PM,1883126100,PRCMqCaX,10/8/25 5:37:51 PM,
PSCMEPRC0003 DEMO,Filled,SELL,10,0,GCEZ25,4067.5,MKT,,DAY,10,10/8/25 5:38:23 PM,1883153668,PRCMqCaX,10/8/25 5:38:23 PM,
PSCMEPRC0003 DEMO,Filled,BUY,10,0,ZLEZ25,51.29,MKT,,DAY,10,10/8/25 5:38:55 PM,1883134308,PRCMqCaX,10/8/25 5:38:55 PM,
PSCMEPRC0003 DEMO,Filled,BUY,10,0,CLEX25,62.41,MKT,,DAY,10,10/8/25 9:19:40 PM,1883159981,PRCDS2Su,10/8/25 9:19:40 PM,
PSCMEPRC0003 DEMO,Filled,SELL,3,0,RBEX25,1.9048,MKT,,DAY,3,10/8/25 10:48:04 PM,1883254545,PRCDS2Su,10/8/25 10:48:04 PM,
PSCMEPRC0003 DEMO,Filled,BUY,3,0,RBEX25,1.9047,MKT,,DAY,3,10/8/25 10:51:12 PM,1883303389,PRCDS2Su,10/8/25 10:51:13 PM,
PSCMEPRC0003 DEMO,Filled,BUY,5,0,CLEX25,62.22,MKT,,DAY,5,10/9/25 12:28:37 AM,1883274371,PRCDS2Su,10/9/25 12:28:37 AM,
PSCMEPRC0003 DEMO,Filled,BUY,5,0,CLEX25,62.22,MKT,,DAY,5,10/9/25 12:29:25 AM,1883351829,PRCDS2Su,10/9/25 12:29:25 AM,
PSCMEPRC0003 DEMO,Filled,SELL,5,0,RBEX25,1.9027,MKT,,DAY,5,10/9/25 12:31:45 AM,1883332200,PRCDS2Su,10/9/25 12:31:47 AM,
PSCMEPRC0003 DEMO,Filled,BUY,5,0,RBEX25,1.9041,MKT,,DAY,5,10/9/25 12:37:56 AM,1883303902,PRCDS2Su,10/9/25 12:37:59 AM,
PSCMEPRC0003 DEMO,Filled,SELL,20,0,CLEX25,61.96,MKT,,DAY,20,10/9/25 1:33:59 AM,1883352636,PRCDS2Su,10/9/25 1:34:00 AM,
PSCMEPRC0003 DEMO,Filled,BUY,5,0,SIEZ25,48.350,MKT,,DAY,5,10/9/25 9:18:40 AM,1883337424,PRCMqCaX,10/9/25 9:18:40 AM,
PSCMEPRC0003 DEMO,Filled,BUY,10,0,GCEZ25,4046.2,MKT,,DAY,10,10/9/25 9:19:14 AM,1883337426,PRCMqCaX,10/9/25 9:19:16 AM,
PSCMEPRC0003 DEMO,Filled,BUY,5,0,CLEX25,62.46,MKT,,DAY,5,10/9/25 11:39:37 AM,1883338468,PRCDS2Su,10/9/25 11:39:37 AM,
PSCMEPRC0003 DEMO,Filled,BUY,5,0,RBEX25,1.9102,MKT,,DAY,5,10/9/25 11:44:38 AM,1883310284,PRCDS2Su,10/9/25 11:44:39 AM,
PSCMEPRC0003 DEMO,Filled,SELL,5,0,RBEX25,1.9109,MKT,,DAY,5,10/9/25 11:52:05 AM,1883481788,PRCDS2Su,10/9/25 11:52:06 AM,
PSCMEPRC0003 DEMO,Filled,SELL,5,0,CLEX25,62.44,MKT,,DAY,5,10/9/25 11:52:15 AM,1883481790,PRCDS2Su,10/9/25 11:52:15 AM,
PSCMEPRC0003 DEMO,Filled,SELL,2,0,CLEX25,62.43,MKT,,DAY,2,10/9/25 11:58:30 AM,1883358281,PRCDS2Su,10/9/25 11:58:30 AM,
PSCMEPRC0003 DEMO,Filled,BUY,2,0,CLEX25,62.42,MKT,,DAY,2,10/9/25 12:00:07 PM,1883338647,PRCDS2Su,10/9/25 12:00:07 PM,
PSCMEPRC0003 DEMO,Filled,SELL,5,0,CLEX25,62.24,MKT,,DAY,5,10/9/25 12:03:17 PM,1883338666,PRCDS2Su,10/9/25 12:03:17 PM,
PSCMEPRC0003 DEMO,Filled,BUY,5,0,CLEX25,62.24,MKT,,DAY,5,10/9/25 12:05:20 PM,1883338693,PRCDS2Su,10/9/25 12:05:20 PM,
PSCMEPRC0003 DEMO,Filled,BUY,5,0,CLEX25,62.24,MKT,,DAY,5,10/9/25 12:06:02 PM,1883358336,PRCDS2Su,10/9/25 12:06:02 PM,
PSCMEPRC0003 DEMO,Filled,BUY,5,0,RBEX25,1.9044,MKT,,DAY,5,10/9/25 12:07:13 PM,1883511154,PRCDS2Su,10/9/25 12:07:15 PM,
PSCMEPRC0003 DEMO,Filled,BUY,5,0,CLEX25,62.15,MKT,,DAY,5,10/9/25 12:13:18 PM,1883511190,PRCDS2Su,10/9/25 12:13:18 PM,
PSCMEPRC0003 DEMO,Filled,SELL,5,0,RBEX25,1.9058,MKT,,DAY,5,10/9/25 12:25:21 PM,1883338807,PRCDS2Su,10/9/25 12:25:22 PM,
PSCMEPRC0003 DEMO,Filled,SELL,5,0,RBEX25,1.9050,MKT,,DAY,5,10/9/25 12:28:48 PM,1883310609,PRCDS2Su,10/9/25 12:28:49 PM,
PSCMEPRC0003 DEMO,Filled,BUY,5,0,RBEX25,1.9049,MKT,,DAY,5,10/9/25 12:57:41 PM,1883511411,PRCDS2Su,10/9/25 12:57:42 PM,
PSCMEPRC0003 DEMO,Filled,SELL,10,0,CLEX25,62.61,MKT,,DAY,10,10/9/25 2:43:14 PM,1883581879,PRCDS2Su,10/9/25 2:43:14 PM,
PSCMEPRC0003 DEMO,Filled,BUY,5,0,CLEX25,62.52,MKT,,DAY,5,10/9/25 2:50:42 PM,1883581921,PRCDS2Su,10/9/25 2:50:42 PM,
PSCMEPRC0003 DEMO,Filled,SELL,5,0,CLEX25,62.71,MKT,,DAY,5,10/9/25 3:24:11 PM,1883360997,PRCDS2Su,10/9/25 3:24:11 PM,
PSCMEPRC0003 DEMO,Filled,SELL,5,0,CLEX25,61.06,MKT,,DAY,5,10/10/25 11:18:13 AM,1884127354,PRCDS2Su,10/10/25 11:18:13 AM,
PSCMEPRC0003 DEMO,Filled,BUY,5,0,CLEX25,60.77,MKT,,DAY,5,10/10/25 12:35:46 PM,1884088872,PRCDS2Su,10/10/25 12:35:47 PM,
PSCMEPRC0003 DEMO,Filled,BUY,5,0,CLEX25,60.81,MKT,,DAY,5,10/10/25 12:37:48 PM,1884088887,PRCDS2Su,10/10/25 12:37:49 PM,
PSCMEPRC0003 DEMO,Filled,SELL,5,0,CLEX25,60.71,MKT,,DAY,5,10/10/25 12:49:45 PM,1884089030,PRCDS2Su,10/10/25 12:49:45 PM,
PSCMEPRC0003 DEMO,Filled,SELL,5,0,CLEX25,60.09,MKT,,DAY,5,10/10/25 3:03:32 PM,1884090703,PRCDS2Su,10/10/25 3:03:33 PM,
PSCMEPRC0003 DEMO,Filled,BUY,5,0,CLEX25,60.08,MKT,,DAY,5,10/10/25 3:34:45 PM,1884111010,PRCDS2Su,10/10/25 3:34:45 PM,
PSCMEPRC0003 DEMO,Filled,SELL,5,0,CLEX25,59.97,MKT,,DAY,5,10/10/25 3:35:28 PM,1884281428,PRCDS2Su,10/10/25 3:35:28 PM,
PSCMEPRC0003 DEMO,Filled,BUY,3,0,RBEX25,1.8461,MKT,,DAY,3,10/10/25 3:36:07 PM,1884120923,PRCDS2Su,10/10/25 3:36:07 PM,
PSCMEPRC0003 DEMO,Filled,SELL,3,0,RBEX25,1.8464,MKT,,DAY,3,10/10/25 3:37:03 PM,1884131069,PRCDS2Su,10/10/25 3:37:04 PM,
PSCMEPRC0003 DEMO,Filled,BUY,2,0,RBEX25,1.8512,MKT,,DAY,2,10/10/25 3:44:39 PM,1884282111,PRCDS2Su,10/10/25 3:44:39 PM,
PSCMEPRC0003 DEMO,Filled,SELL,2,0,RBEX25,1.8514,MKT,,DAY,2,10/10/25 3:48:19 PM,1884291988,PRCDS2Su,10/10/25 3:48:19 PM,
PSCMEPRC0003 DEMO,Filled,SELL,2,0,CLEX25,60.23,MKT,,DAY,2,10/10/25 3:50:34 PM,1884282578,PRCDS2Su,10/10/25 3:50:34 PM,
PSCMEPRC0003 DEMO,Filled,SELL,2,0,CLEX25,60.19,MKT,,DAY,2,10/10/25 3:50:51 PM,1884311929,PRCDS2Su,10/10/25 3:50:51 PM,
PSCMEPRC0003 DEMO,Filled,SELL,2,0,CLEX25,60.17,MKT,,DAY,2,10/10/25 3:50:56 PM,1884292211,PRCDS2Su,10/10/25 3:50:56 PM,
PSCMEPRC0003 DEMO,Filled,BUY,11,0,CLEX25,59.99,MKT,,DAY,11,10/10/25 4:18:23 PM,1884333407,PRCDS2Su,10/10/25 4:18:23 PM,
PSCMEPRC0003 DEMO,Filled,BUY,1,0,ZCEZ25,413'2,MKT,,DAY,1,10/10/25 7:03:11 PM,1884444181,PRCMqCaX,10/10/25 7:03:11 PM,
PSCMEPRC0003 DEMO,Filled,SELL,1,0,ZCEZ25,412'6,MKT,,DAY,1,10/10/25 7:16:33 PM,1884445531,PRCMqCaX,10/10/25 7:16:34 PM,
PSCMEPRC0003 DEMO,Filled,SELL,10,0,RBEX25,1.8213,MKT,,DAY,10,10/10/25 7:19:46 PM,1884425576,PRCDS2Su,10/10/25 7:19:50 PM,
PSCMEPRC0003 DEMO,Filled,BUY,1,0,CLEX25,59.04,MKT,,DAY,1,10/10/25 7:43:07 PM,1884409711,PRCDS2Su,10/10/25 7:43:07 PM,
PSCMEPRC0003 DEMO,Filled,BUY,1,0,CLEX25,58.98,LMT,,DAY,1,10/10/25 7:44:31 PM,1884417777,PRCDS2Su,10/10/25 7:44:39 PM,
PSCMEPRC0003 DEMO,Filled,SELL,2,0,CLEX25,58.96,MKT,,DAY,2,10/10/25 7:44:56 PM,1884417825,PRCDS2Su,10/10/25 7:44:56 PM,
PSCMEPRC0003 DEMO,Filled,BUY,1,0,CLEX25,59.08,LMT,,DAY,1,10/10/25 7:49:20 PM,1884426702,PRCDS2Su,10/10/25 7:49:32 PM,
PSCMEPRC0003 DEMO,Filled,SELL,1,0,CLEX25,59.03,MKT,,DAY,1,10/10/25 7:51:59 PM,1884418016,PRCDS2Su,10/10/25 7:52:00 PM,
PSCMEPRC0003 DEMO,Filled,BUY,10,0,RBEX25,1.8189,MKT,,DAY,10,10/10/25 8:04:09 PM,1884447465,PRCDS2Su,10/10/25 8:04:13 PM,
PSCMEPRC0003 DEMO,Filled,SELL,5,0,SIEZ25,49.525,MKT,,DAY,5,10/13/25 9:11:23 AM,1884737644,PRCMqCaX,10/13/25 9:11:23 AM,
PSCMEPRC0003 DEMO,Filled,SELL,10,0,GCEZ25,4088.4,MKT,,DAY,10,10/13/25 9:11:47 AM,1884737645,PRCMqCaX,10/13/25 9:11:48 AM,
PSCMEPRC0003 DEMO,Filled,BUY,10,0,GCEZ25,4089.0,MKT,,DAY,10,10/13/25 9:12:04 AM,1884728370,PRCMqCaX,10/13/25 9:12:05 AM,
PSCMEPRC0003 DEMO,Filled,SELL,10,0,GCEZ25,4095.9,MKT,,DAY,10,10/13/25 9:48:49 AM,1884757942,PRCMqCaX,10/13/25 9:48:49 AM,
PSCMEPRC0003 DEMO,Filled,BUY,5,0,CLEX25,59.98,MKT,,DAY,5,10/13/25 12:11:10 PM,1884769991,PRCDS2Su,10/13/25 12:11:10 PM,
PSCMEPRC0003 DEMO,Filled,SELL,5,0,CLEX25,60.03,MKT,,DAY,5,10/13/25 12:19:26 PM,1884720769,PRCDS2Su,10/13/25 12:19:26 PM,
PSCMEPRC0003 DEMO,Filled,BUY,5,0,CLEX25,60.05,MKT,,DAY,5,10/13/25 12:21:25 PM,1884730826,PRCDS2Su,10/13/25 12:21:26 PM,
PSCMEPRC0003 DEMO,Filled,SELL,2,0,RBEZ25,1.7987,MKT,,DAY,2,10/13/25 12:34:30 PM,1884730953,PRCDS2Su,10/13/25 12:34:30 PM,
PSCMEPRC0003 DEMO,Filled,BUY,2,0,RBEZ25,1.7986,MKT,,DAY,2,10/13/25 12:35:28 PM,1884750456,PRCDS2Su,10/13/25 12:35:28 PM,
PSCMEPRC0003 DEMO,Filled,BUY,5,0,RBEZ25,1.7988,MKT,,DAY,5,10/13/25 12:36:27 PM,1884750464,PRCDS2Su,10/13/25 12:36:27 PM,
PSCMEPRC0003 DEMO,Filled,BUY,5,0,CLEX25,59.94,MKT,,DAY,5,10/13/25 1:09:28 PM,1884750809,PRCDS2Su,10/13/25 1:09:28 PM,
PSCMEPRC0003 DEMO,Filled,BUY,2,0,CLEX25,59.90,MKT,,DAY,2,10/13/25 1:13:14 PM,1884911331,PRCDS2Su,10/13/25 1:13:14 PM,
PSCMEPRC0003 DEMO,Filled,SELL,5,0,RBEZ25,1.7933,MKT,,DAY,5,10/13/25 2:18:56 PM,1884931628,PRCDS2Su,10/13/25 2:18:57 PM,
PSCMEPRC0003 DEMO,Filled,SELL,10,0,CLEX25,59.49,MKT,,DAY,10,10/13/25 2:19:02 PM,1884912106,PRCDS2Su,10/13/25 2:19:02 PM,
PSCMEPRC0003 DEMO,Filled,SELL,2,0,CLEX25,59.42,MKT,,DAY,2,10/13/25 2:21:47 PM,1884961394,PRCDS2Su,10/13/25 2:21:47 PM,
PSCMEPRC0003 DEMO,Filled,BUY,4,0,EPZ25,6653.50,MKT,,DAY,4,10/14/25 8:17:48 AM,1885051795,PRCK7Vrl,10/14/25 8:17:48 AM,
PSCMEPRC0003 DEMO,Filled,BUY,2,0,ENQZ25,24707.25,LMT,,DAY,2,10/14/25 8:38:14 AM,1885042452,PRCK7Vrl,10/14/25 8:38:39 AM,
PSCMEPRC0003 DEMO,Filled,BUY,1,0,YMZ25,46074,MKT,,DAY,1,10/14/25 8:42:39 AM,1885032663,PRCK7Vrl,10/14/25 8:42:39 AM,
PSCMEPRC0003 DEMO,Filled,BUY,2,0,USAZ25,118'150,MKT,,DAY,2,10/14/25 9:46:12 AM,1885063209,PRCK7Vrl,10/14/25 9:46:12 AM,
PSCMEPRC0003 DEMO,Filled,BUY,2,0,TYAZ25,113'152,MKT,,DAY,2,10/14/25 9:47:04 AM,1885072738,PRCK7Vrl,10/14/25 9:47:04 AM,
PSCMEPRC0003 DEMO,Filled,BUY,10,0,GCEZ25,4155.8,MKT,,DAY,10,10/14/25 11:26:09 AM,1885073389,PRCMqCaX,10/14/25 11:26:09 AM,
PSCMEPRC0003 DEMO,Filled,BUY,8,0,SIEZ25,50.660,MKT,,DAY,8,10/14/25 11:26:53 AM,1885073391,PRCMqCaX,10/14/25 11:26:54 AM,
PSCMEPRC0003 DEMO,Filled,SELL,10,0,CLEZ25,57.29,MKT,,DAY,10,10/14/25 12:57:05 PM,1885054477,PRCDS2Su,10/14/25 12:57:05 PM,
PSCMEPRC0003 DEMO,Filled,BUY,2,0,RBEZ25,1.7659,MKT,,DAY,2,10/14/25 12:58:38 PM,1885074217,PRCDS2Su,10/14/25 12:58:39 PM,
PSCMEPRC0003 DEMO,Filled,SELL,2,0,RBEZ25,1.7677,MKT,,DAY,2,10/14/25 1:01:09 PM,1885044479,PRCDS2Su,10/14/25 1:01:09 PM,
PSCMEPRC0003 DEMO,Filled,SELL,2,0,RBEZ25,1.7695,MKT,,DAY,2,10/14/25 1:05:00 PM,1885034851,PRCDS2Su,10/14/25 1:05:00 PM,
PSCMEPRC0003 DEMO,Filled,BUY,2,0,RBEZ25,1.7800,MKT,,DAY,2,10/14/25 1:46:37 PM,1885065257,PRCDS2Su,10/14/25 1:46:38 PM,
PSCMEPRC0003 DEMO,Filled,BUY,5,0,RBEZ25,1.7796,MKT,,DAY,5,10/14/25 1:46:43 PM,1885065258,PRCDS2Su,10/14/25 1:46:44 PM,
PSCMEPRC0003 DEMO,Filled,SELL,5,0,RBEZ25,1.7783,MKT,,DAY,5,10/14/25 1:48:47 PM,1885035237,PRCDS2Su,10/14/25 1:48:48 PM,
PSCMEPRC0003 DEMO,Filled,BUY,2,0,RBEZ25,1.7817,MKT,,DAY,2,10/14/25 2:01:32 PM,1885074848,PRCDS2Su,10/14/25 2:01:32 PM,
PSCMEPRC0003 DEMO,Filled,SELL,2,0,RBEZ25,1.7775,MKT,,DAY,2,10/14/25 2:12:41 PM,1885035521,PRCDS2Su,10/14/25 2:12:42 PM,
PSCMEPRC0003 DEMO,Filled,SELL,2,0,RBEZ25,1.7777,MKT,,DAY,2,10/14/25 2:13:14 PM,1885075012,PRCDS2Su,10/14/25 2:13:15 PM,
PSCMEPRC0003 DEMO,Filled,BUY,2,0,RBEZ25,1.7769,MKT,,DAY,2,10/14/25 2:18:56 PM,1885065652,PRCDS2Su,10/14/25 2:18:56 PM,
PSCMEPRC0003 DEMO,Filled,SELL,2,0,RBEZ25,1.7745,MKT,,DAY,2,10/14/25 2:20:17 PM,1885035562,PRCDS2Su,10/14/25 2:20:17 PM,
PSCMEPRC0003 DEMO,Filled,BUY,2,0,RBEZ25,1.7754,MKT,,DAY,2,10/14/25 2:27:58 PM,1885084245,PRCDS2Su,10/14/25 2:27:59 PM,
PSCMEPRC0003 DEMO,Filled,BUY,2,0,RBEZ25,1.7762,MKT,,DAY,2,10/14/25 2:28:53 PM,1885035624,PRCDS2Su,10/14/25 2:28:53 PM,
PSCMEPRC0003 DEMO,Filled,SELL,2,0,RBEZ25,1.7736,MKT,,DAY,2,10/14/25 2:32:09 PM,1885035657,PRCDS2Su,10/14/25 2:32:09 PM,
PSCMEPRC0003 DEMO,Filled,BUY,2,0,GLEZ25,246.750,MKT,,DAY,2,10/14/25 6:36:03 PM,1885096550,PRCMqCaX,10/14/25 6:36:04 PM,
PSCMEPRC0003 DEMO,Filled,SELL,8,0,SIEZ25,51.555,MKT,,DAY,8,10/15/25 9:44:29 AM,1885379219,PRCMqCaX,10/15/25 9:44:31 AM,
PSCMEPRC0003 DEMO,Filled,SELL,10,0,GCEZ25,4223.1,MKT,,DAY,10,10/15/25 9:44:42 AM,1885388981,PRCMqCaX,10/15/25 9:44:42 AM,
PSCMEPRC0003 DEMO,Filled,SELL,2,0,RBEZ25,1.7807,MKT,,DAY,2,10/15/25 11:56:10 AM,1885360403,PRCDS2Su,10/15/25 11:56:11 AM,
PSCMEPRC0003 DEMO,Filled,BUY,2,0,RBEZ25,1.7842,MKT,,DAY,2,10/15/25 12:12:11 PM,1885360597,PRCDS2Su,10/15/25 12:12:11 PM,
PSCMEPRC0003 DEMO,Filled,SELL,2,0,RBEZ25,1.7828,MKT,,DAY,2,10/15/25 12:13:18 PM,1885531738,PRCDS2Su,10/15/25 12:13:18 PM,
PSCMEPRC0003 DEMO,Filled,BUY,2,0,RBEZ25,1.7823,MKT,,DAY,2,10/15/25 12:23:42 PM,1885541642,PRCDS2Su,10/15/25 12:23:42 PM,
PSCMEPRC0003 DEMO,Filled,BUY,10,0,GCEZ25,4217.0,MKT,,DAY,10,10/15/25 1:25:16 PM,1885581380,PRCMqCaX,10/15/25 1:25:18 PM,
PSCMEPRC0003 DEMO,Filled,SELL,10,0,RBEZ25,1.7956,MKT,,DAY,10,10/15/25 2:59:51 PM,1885553148,PRCDS2Su,10/15/25 2:59:52 PM,
PSCMEPRC0003 DEMO,Filled,SELL,2,0,RBEZ25,1.7917,MKT,,DAY,2,10/15/25 3:12:37 PM,1885583089,PRCDS2Su,10/15/25 3:12:37 PM,
PSCMEPRC0003 DEMO,Filled,BUY,2,0,RBEZ25,1.7921,MKT,,DAY,2,10/15/25 3:12:44 PM,1885583091,PRCDS2Su,10/15/25 3:12:45 PM,
PSCMEPRC0003 DEMO,Filled,BUY,2,0,RBEZ25,1.7918,MKT,,DAY,2,10/15/25 3:12:49 PM,1885572973,PRCDS2Su,10/15/25 3:12:50 PM,
PSCMEPRC0003 DEMO,Filled,BUY,8,0,RBEZ25,1.7940,MKT,,DAY,8,10/15/25 3:31:46 PM,1885573550,PRCDS2Su,10/15/25 3:31:47 PM,
PSCMEPRC0003 DEMO,Filled,BUY,8,0,SIEZ25,51.263,MKT,,DAY,8,10/15/25 3:54:29 PM,1885576531,PRCMqCaX,10/15/25 3:54:29 PM,
PSCMEPRC0003 DEMO,Filled,SELL,8,0,SIEZ25,52.520,MKT,,DAY,8,10/15/25 11:52:18 PM,1885659073,PRCMqCaX,10/15/25 11:52:21 PM,
PSCMEPRC0003 DEMO,Filled,BUY,3,0,SIEZ25,51.365,MKT,,DAY,3,10/16/25 7:53:26 AM,1885761051,PRCMqCaX,10/16/25 7:53:26 AM,
PSCMEPRC0003 DEMO,Filled,BUY,4,0,SIEZ25,52.060,MKT,,DAY,4,10/16/25 10:53:44 AM,1885781762,PRCMqCaX,10/16/25 10:53:44 AM,
PSCMEPRC0003 DEMO,Filled,SELL,10,0,GCEZ25,4254.7,MKT,,DAY,10,10/16/25 12:05:01 PM,1885775085,PRCMqCaX,10/16/25 12:05:02 PM,
PSCMEPRC0003 DEMO,Filled,SELL,7,0,SIEZ25,52.166,MKT,,DAY,7,10/16/25 12:05:33 PM,1885769272,PRCMqCaX,10/16/25 12:05:34 PM,
PSCMEPRC0003 DEMO,Filled,BUY,2,0,CLEZ25,57.52,LMT,,DAY,2,10/16/25 6:36:25 PM,1885841100,PRCDS2Su,10/16/25 6:37:35 PM,
PSCMEPRC0003 DEMO,Filled,BUY,5,0,CLEZ25,57.13,MKT,,DAY,5,10/16/25 6:55:11 PM,1885868542,PRCDS2Su,10/16/25 6:55:11 PM,
PSCMEPRC0003 DEMO,Filled,BUY,3,0,CLEZ25,57.21,MKT,,DAY,3,10/16/25 6:55:45 PM,1885859536,PRCDS2Su,10/16/25 6:55:45 PM,
PSCMEPRC0003 DEMO,Filled,SELL,2,0,GCEZ25,4329.6,MKT,,DAY,2,10/16/25 10:36:44 PM,1885915964,PRCMqCaX,10/16/25 10:36:44 PM,
PSCMEPRC0003 DEMO,Filled,SELL,4,0,SIEZ25,53.195,MKT,,DAY,4,10/16/25 10:37:33 PM,1885941633,PRCMqCaX,10/16/25 10:37:34 PM,
PSCMEPRC0003 DEMO,Filled,SELL,2,0,GCEZ25,4344.1,MKT,,DAY,2,10/16/25 11:06:00 PM,1885934613,PRCMqCaX,10/16/25 11:46:00 PM,
PSCMEPRC0003 DEMO,Filled,BUY,4,0,SIEZ25,52.840,MKT,,DAY,4,10/17/25 9:50:22 AM,1885995613,PRCMqCaX,10/17/25 9:50:22 AM,
PSCMEPRC0003 DEMO,Filled,SELL,4,0,SIEZ25,52.701,MKT,,DAY,4,10/17/25 9:54:46 AM,1885986584,PRCMqCaX,10/17/25 9:54:46 AM,
PSCMEPRC0003 DEMO,Filled,SELL,4,0,SIEZ25,52.455,MKT,,DAY,4,10/17/25 10:07:33 AM,1885967628,PRCMqCaX,10/17/25 10:07:33 AM,
PSCMEPRC0003 DEMO,Filled,BUY,15,0,CLEZ25,56.28,MKT,,DAY,15,10/17/25 11:55:15 AM,1885997418,PRCDS2Su,10/17/25 11:55:15 AM,
PSCMEPRC0003 DEMO,Filled,SELL,15,0,CLEZ25,56.43,MKT,,DAY,15,10/17/25 12:08:00 PM,1885980030,PRCDS2Su,10/17/25 12:08:00 PM,
PSCMEPRC0003 DEMO,Filled,SELL,8,0,RBEZ25,1.7624,MKT,,DAY,8,10/17/25 1:16:19 PM,1886012623,PRCDS2Su,10/17/25 1:16:20 PM,
PSCMEPRC0003 DEMO,Filled,SELL,5,0,RBEZ25,1.7635,MKT,,DAY,5,10/17/25 1:32:33 PM,1885989735,PRCDS2Su,10/17/25 1:32:33 PM,
PSCMEPRC0003 DEMO,Filled,SELL,2,0,RBEZ25,1.7640,MKT,,DAY,2,10/17/25 1:33:14 PM,1885989740,PRCDS2Su,10/17/25 1:33:15 PM,
PSCMEPRC0003 DEMO,Filled,SELL,1,0,RBEZ25,1.7680,MKT,,DAY,1,10/17/25 2:03:49 PM,1885971072,PRCDS2Su,10/17/25 2:03:49 PM,
PSCMEPRC0003 DEMO,Filled,SELL,5,0,RBEZ25,1.7732,MKT,,DAY,5,10/17/25 2:49:24 PM,1886022996,PRCDS2Su,10/17/25 2:49:25 PM,
PSCMEPRC0003 DEMO,Filled,SELL,2,0,CLEZ25,57.18,MKT,,DAY,2,10/17/25 2:50:03 PM,1886006716,PRCDS2Su,10/17/25 2:50:03 PM,
PSCMEPRC0003 DEMO,Filled,BUY,2,0,CLEZ25,56.89,MKT,,DAY,2,10/17/25 3:05:33 PM,1886007063,PRCDS2Su,10/17/25 3:05:33 PM,
PSCMEPRC0003 DEMO,Filled,SELL,1,0,USAZ25,118'140,MKT,,DAY,1,10/17/25 6:04:40 PM,1886102543,PRCK7Vrl,10/17/25 6:04:41 PM,
PSCMEPRC0003 DEMO,Filled,SELL,1,0,USAZ25,118'140,MKT,,DAY,1,10/17/25 6:05:19 PM,1886085414,PRCK7Vrl,10/17/25 6:05:19 PM,
PSCMEPRC0003 DEMO,Filled,SELL,1,0,USAZ25,118'140,MKT,,DAY,1,10/17/25 6:05:34 PM,1886093485,PRCK7Vrl,10/17/25 6:05:34 PM,
PSCMEPRC0003 DEMO,Filled,SELL,3,0,TYAZ25,113'145,MKT,,DAY,3,10/17/25 6:06:01 PM,1886093498,PRCK7Vrl,10/17/25 6:06:01 PM,
PSCMEPRC0003 DEMO,Filled,BUY,8,0,SIEZ25,50.493,MKT,,DAY,8,10/17/25 6:27:11 PM,1886103260,PRCMqCaX,10/17/25 6:27:11 PM,
PSCMEPRC0003 DEMO,Filled,BUY,4,0,GCEZ25,4236.8,MKT,,DAY,4,10/17/25 6:27:35 PM,1886112473,PRCMqCaX,10/17/25 6:27:35 PM,
PSCMEPRC0003 DEMO,Filled,BUY,10,0,GCEZ25,4256.1,MKT,,DAY,10,10/17/25 8:50:20 PM,1886090663,PRCMqCaX,10/17/25 8:50:22 PM,
PSCMEPRC0003 DEMO,Filled,BUY,10,0,SIEZ25,50.633,MKT,,DAY,10,10/17/25 8:50:40 PM,1886098468,PRCMqCaX,10/17/25 8:50:40 PM,
PSCMEPRC0003 DEMO,Filled,BUY,21,0,RBEZ25,1.7607,MKT,,DAY,21,10/20/25 3:16:05 PM,1886892654,PRCDS2Su,10/20/25 3:16:06 PM,
PSCMEPRC0003 DEMO,Filled,BUY,3,0,CLEZ25,56.26,MKT,,DAY,3,10/20/25 3:17:14 PM,1886931926,PRCDS2Su,10/20/25 3:17:14 PM,
PSCMEPRC0003 DEMO,Filled,SELL,3,0,CLEZ25,56.49,MKT,,DAY,3,10/20/25 3:33:51 PM,1886932545,PRCDS2Su,10/20/25 3:33:51 PM,
PSCMEPRC0003 DEMO,Filled,SELL,10,0,GCEZ25,4363.6,MKT,,DAY,10,10/20/25 7:11:27 PM,1886972157,PRCMqCaX,10/20/25 7:11:27 PM,
PSCMEPRC0003 DEMO,Filled,SELL,10,0,SIEZ25,51.405,MKT,,DAY,10,10/20/25 7:11:41 PM,1886962656,PRCMqCaX,10/20/25 7:11:42 PM,
PSCMEPRC0003 DEMO,Filled,BUY,5,0,SIEZ25,51.555,MKT,,DAY,5,10/20/25 8:59:20 PM,1887003839,PRCMqCaX,10/20/25 8:59:20 PM,
PSCMEPRC0003 DEMO,Filled,BUY,5,0,GCEZ25,4376.6,MKT,,DAY,5,10/20/25 8:59:48 PM,1886984608,PRCMqCaX,10/20/25 8:59:49 PM,
PSCMEPRC0003 DEMO,Filled,SELL,5,0,GCEZ25,4383.8,MKT,,DAY,5,10/20/25 9:19:37 PM,1886975155,PRCMqCaX,10/20/25 9:19:38 PM,
PSCMEPRC0003 DEMO,Filled,SELL,5,0,SIEZ25,51.600,MKT,,DAY,5,10/20/25 9:19:51 PM,1887004161,PRCMqCaX,10/20/25 9:19:51 PM,
PSCMEPRC0003 DEMO,Filled,BUY,5,0,GCEZ25,4383.5,MKT,,DAY,5,10/20/25 9:24:14 PM,1886965837,PRCMqCaX,10/20/25 9:24:15 PM,
PSCMEPRC0003 DEMO,Filled,BUY,5,0,GCEZ25,4343.5,MKT,,DAY,5,10/21/25 8:36:57 AM,1887012983,PRCMqCaX,10/21/25 8:36:57 AM,
PSCMEPRC0003 DEMO,Filled,BUY,8,0,SIEZ25,50.515,MKT,,DAY,8,10/21/25 8:37:15 AM,1887041712,PRCMqCaX,10/21/25 8:37:15 AM,
PSCMEPRC0003 DEMO,Filled,SELL,2,0,CLEZ25,57.60,MKT,,DAY,2,10/21/25 12:45:05 PM,1887053694,PRCDS2Su,10/21/25 12:45:05 PM,
PSCMEPRC0003 DEMO,Filled,SELL,10,0,CLEZ25,57.55,MKT,,DAY,10,10/21/25 12:45:28 PM,1887016393,PRCDS2Su,10/21/25 12:45:29 PM,
PSCMEPRC0003 DEMO,Filled,SELL,8,0,RBEZ25,1.7820,MKT,,DAY,8,10/21/25 12:45:45 PM,1887016396,PRCDS2Su,10/21/25 12:45:52 PM,
PSCMEPRC0003 DEMO,Filled,BUY,8,0,RBEZ25,1.7804,MKT,,DAY,8,10/21/25 2:04:34 PM,1887054735,PRCDS2Su,10/21/25 2:04:36 PM,
PSCMEPRC0003 DEMO,Filled,BUY,5,0,CLEZ25,57.40,MKT,,DAY,5,10/21/25 2:06:47 PM,1887037207,PRCDS2Su,10/21/25 2:06:47 PM,
PSCMEPRC0003 DEMO,Filled,BUY,7,0,CLEZ25,57.43,MKT,,DAY,7,10/21/25 2:10:36 PM,1887037246,PRCDS2Su,10/21/25 2:10:37 PM,
PSCMEPRC0003 DEMO,Filled,BUY,2,0,CLEZ25,56.47,MKT,,DAY,2,10/21/25 4:02:16 PM,1887068229,PRCDS2Su,10/21/25 4:02:16 PM,
PSCMEPRC0003 DEMO,Filled,SELL,2,0,CLEZ25,56.57,MKT,,DAY,2,10/21/25 4:07:25 PM,1887031087,PRCDS2Su,10/21/25 4:07:25 PM,
PSCMEPRC0003 DEMO,Filled,BUY,5,0,SIEZ25,48.114,MKT,,DAY,5,10/21/25 4:14:56 PM,1887081903,PRCMqCaX,10/21/25 4:14:56 PM,
PSCMEPRC0003 DEMO,Filled,BUY,5,0,GCEZ25,4186.7,MKT,,DAY,5,10/21/25 4:16:25 PM,1887091600,PRCMqCaX,10/21/25 4:16:25 PM,
PSCMEPRC0003 DEMO,Filled,SELL,2,0,ZWAZ25,504'0,MKT,,DAY,2,10/22/25 4:23:00 PM,1887378070,PRCMqCaX,10/22/25 4:23:00 PM,
PSCMEPRC0003 DEMO,Filled,BUY,2,0,ZWAZ25,503'6,MKT,,DAY,2,10/22/25 4:25:55 PM,1887411934,PRCMqCaX,10/22/25 4:25:55 PM,
PSCMEPRC0003 DEMO,Filled,SELL,1,0,EPZ25,6718.50,MKT,,DAY,1,10/22/25 8:42:02 PM,1887466311,PRCK7Vrl,10/22/25 8:42:02 PM,
PSCMEPRC0003 DEMO,Filled,SELL,3,0,EPZ25,6719.25,MKT,,DAY,3,10/22/25 8:42:20 PM,1887485097,PRCK7Vrl,10/22/25 8:42:20 PM,
PSCMEPRC0003 DEMO,Filled,SELL,2,0,ENQZ25,24932.75,MKT,,DAY,2,10/22/25 8:42:33 PM,1887466327,PRCK7Vrl,10/22/25 8:42:33 PM,
PSCMEPRC0003 DEMO,Filled,SELL,1,0,YMZ25,46744,MKT,,DAY,1,10/22/25 8:42:45 PM,1887440921,PRCK7Vrl,10/22/25 8:42:45 PM,
PSCMEPRC0003 DEMO,Filled,SELL,7,0,GCEZ25,4109.3,MKT,,DAY,7,10/22/25 9:15:41 PM,1887493528,PRCMqCaX,10/22/25 9:15:41 PM,
PSCMEPRC0003 DEMO,Filled,SELL,7,0,SIEZ25,48.139,MKT,,DAY,7,10/22/25 9:17:09 PM,1887459687,PRCMqCaX,10/22/25 9:17:12 PM,
PSCMEPRC0003 DEMO,Filled,SELL,10,0,CLEZ25,59.48,MKT,,DAY,10,10/22/25 9:33:55 PM,1887511642,PRCDS2Su,10/22/25 9:33:55 PM,
PSCMEPRC0003 DEMO,Filled,SELL,5,0,CLEZ25,59.47,MKT,,DAY,5,10/22/25 9:34:03 PM,1887511644,PRCDS2Su,10/22/25 9:34:03 PM,
PSCMEPRC0003 DEMO,Filled,SELL,10,0,RBEZ25,1.8273,MKT,,DAY,10,10/22/25 9:34:31 PM,1887511654,PRCDS2Su,10/22/25 9:34:31 PM,
PSCMEPRC0003 DEMO,Filled,BUY,10,0,RBEZ25,1.8246,MKT,,DAY,10,10/22/25 10:01:46 PM,1887521500,PRCDS2Su,10/22/25 10:01:47 PM,
PSCMEPRC0003 DEMO,Filled,BUY,15,0,CLEZ25,59.14,MKT,,DAY,15,10/22/25 10:04:30 PM,1887495794,PRCDS2Su,10/22/25 10:04:30 PM,
PSCMEPRC0003 DEMO,Filled,SELL,6,0,SIEZ25,48.617,MKT,,DAY,6,10/23/25 8:48:12 AM,1887677553,PRCMqCaX,10/23/25 8:48:14 AM,
PSCMEPRC0003 DEMO,Filled,SELL,5,0,SIEZ25,48.625,MKT,,DAY,5,10/23/25 8:49:38 AM,1887687376,PRCMqCaX,10/23/25 8:49:39 AM,
PSCMEPRC0003 DEMO,Filled,SELL,2,0,GLEZ25,241.925,MKT,,DAY,2,10/23/25 4:57:26 PM,1887896660,PRCMqCaX,10/23/25 4:57:26 PM,
PSCMEPRC0003 DEMO,Filled,BUY,5,0,SIEZ25,48.595,MKT,,DAY,5,10/23/25 9:59:24 PM,1887954729,PRCMqCaX,10/23/25 9:59:26 PM,
PSCMEPRC0003 DEMO,Filled,SELL,7,0,SIEZ25,47.685,MKT,,DAY,7,10/24/25 10:08:31 AM,1888012665,PRCMqCaX,10/24/25 10:08:34 AM,
PSCMEPRC0003 DEMO,Filled,BUY,7,0,SIEZ25,47.694,MKT,,DAY,7,10/24/25 10:09:21 AM,1887993134,PRCMqCaX,10/24/25 10:09:22 AM,
PSCMEPRC0003 DEMO,Filled,BUY,7,0,SIEZ25,47.687,MKT,,DAY,7,10/24/25 10:09:28 AM,1887993137,PRCMqCaX,10/24/25 10:09:30 AM,
PSCMEPRC0003 DEMO,Filled,SELL,7,0,SIEZ25,47.721,MKT,,DAY,7,10/24/25 11:04:15 AM,1888013372,PRCMqCaX,10/24/25 11:04:16 AM,
PSCMEPRC0003 DEMO,Filled,SELL,7,0,SIEZ25,47.820,MKT,,DAY,7,10/24/25 12:10:13 PM,1888003172,PRCMqCaX,10/24/25 12:10:14 PM,
PSCMEPRC0003 DEMO,Filled,SELL,2,0,CLEZ25,62.22,MKT,,DAY,2,10/24/25 1:30:36 PM,1887967020,PRCDS2Su,10/24/25 1:30:37 PM,
PSCMEPRC0003 DEMO,Filled,SELL,2,0,RBEZ25,1.8822,MKT,,DAY,2,10/24/25 1:35:15 PM,1887967097,PRCDS2Su,10/24/25 1:35:16 PM,
PSCMEPRC0003 DEMO,Filled,SELL,10,0,CLEZ25,62.19,MKT,,DAY,10,10/24/25 1:37:00 PM,1887985248,PRCDS2Su,10/24/25 1:37:00 PM,
PSCMEPRC0003 DEMO,Filled,SELL,8,0,CLEZ25,62.19,MKT,,DAY,8,10/24/25 1:37:11 PM,1888004055,PRCDS2Su,10/24/25 1:37:11 PM,
PSCMEPRC0003 DEMO,Filled,BUY,2,0,RBEZ25,1.8775,MKT,,DAY,2,10/24/25 2:15:10 PM,1888004496,PRCDS2Su,10/24/25 2:15:10 PM,
PSCMEPRC0003 DEMO,Filled,BUY,20,0,CLEZ25,61.98,MKT,,DAY,20,10/24/25 2:37:22 PM,1887976488,PRCDS2Su,10/24/25 2:37:22 PM,
PSCMEPRC0003 DEMO,Filled,BUY,7,0,SIEZ25,47.545,MKT,,DAY,7,10/27/25 9:58:33 AM,1888527909,PRCMqCaX,10/27/25 9:58:33 AM,
PSCMEPRC0003 DEMO,Filled,BUY,7,0,SIEZ25,45.795,MKT,,DAY,7,10/28/25 9:36:37 AM,1888820795,PRCMqCaX,10/28/25 9:36:38 AM,
PSCMEPRC0003 DEMO,Filled,BUY,2,0,ENQZ25,25969.50,MKT,,DAY,2,10/28/25 9:57:50 AM,1888831255,PRCK7Vrl,10/28/25 9:57:51 AM,
PSCMEPRC0003 DEMO,Filled,BUY,5,0,EPZ25,6907.00,MKT,,DAY,5,10/28/25 9:58:02 AM,1888811046,PRCK7Vrl,10/28/25 9:58:02 AM,
PSCMEPRC0003 DEMO,Filled,BUY,1,0,YMZ25,47721,MKT,,DAY,1,10/28/25 9:58:15 AM,1888800323,PRCK7Vrl,10/28/25 9:58:15 AM,
PSCMEPRC0003 DEMO,Filled,BUY,3,0,USAZ25,119'050,MKT,,DAY,3,10/28/25 10:00:08 AM,1888811083,PRCK7Vrl,10/28/25 10:00:09 AM,
PSCMEPRC0003 DEMO,Filled,BUY,3,0,TYAZ25,113'180,MKT,,DAY,3,10/28/25 10:00:37 AM,1888790238,PRCK7Vrl,10/28/25 10:00:37 AM,
PSCMEPRC0003 DEMO,Filled,BUY,2,0,CLEZ25,60.22,MKT,,DAY,2,10/28/25 10:01:47 AM,1888829190,PRCDS2Su,10/28/25 10:01:47 AM,
PSCMEPRC0003 DEMO,Filled,BUY,8,0,CLEZ25,60.27,MKT,,DAY,8,10/28/25 10:04:07 AM,1888829229,PRCDS2Su,10/28/25 10:04:07 AM,
PSCMEPRC0003 DEMO,Filled,BUY,10,0,CLEZ25,60.27,MKT,,DAY,10,10/28/25 10:04:15 AM,1888841141,PRCDS2Su,10/28/25 10:04:16 AM,
PSCMEPRC0003 DEMO,Filled,BUY,2,0,RBEZ25,1.8466,MKT,,DAY,2,10/28/25 10:04:31 AM,1888831341,PRCDS2Su,10/28/25 10:04:31 AM,
PSCMEPRC0003 DEMO,Filled,BUY,10,0,ZSEF26,1096'2,MKT,,DAY,10,10/28/25 10:48:57 AM,1888829963,PRCK7Vrl,10/28/25 10:48:58 AM,
PSCMEPRC0003 DEMO,Filled,BUY,20,0,ZWAZ25,531'0,MKT,,DAY,20,10/28/25 10:49:18 AM,1888841935,PRCK7Vrl,10/28/25 10:49:19 AM,
PSCMEPRC0003 DEMO,Filled,SELL,2,0,RBEZ25,1.8540,MKT,,DAY,2,10/28/25 11:01:50 AM,1888861268,PRCDS2Su,10/28/25 11:01:50 AM,
PSCMEPRC0003 DEMO,Filled,SELL,10,0,CLEZ25,60.51,MKT,,DAY,10,10/28/25 11:26:30 AM,1888852403,PRCDS2Su,10/28/25 11:26:31 AM,
PSCMEPRC0003 DEMO,Filled,SELL,10,0,CLEZ25,60.45,MKT,,DAY,10,10/28/25 11:27:57 AM,1888871608,PRCDS2Su,10/28/25 11:27:57 AM,
PSCMEPRC0003 DEMO,Filled,SELL,7,0,SIEZ25,46.135,MKT,,DAY,7,10/28/25 11:34:27 AM,1888861703,PRCMqCaX,10/28/25 11:34:28 AM,
PSCMEPRC0003 DEMO,Filled,SELL,2,0,SIEZ25,46.990,MKT,,DAY,2,10/28/25 3:23:28 PM,1888876951,PRCDS2Su,10/28/25 3:23:28 PM,
PSCMEPRC0003 DEMO,Filled,SELL,10,0,SIEZ25,46.995,MKT,,DAY,10,10/28/25 3:33:39 PM,1888877605,PRCDS2Su,10/28/25 3:33:39 PM,
PSCMEPRC0003 DEMO,Filled,SELL,10,0,ZSEF26,1094'2,MKT,,DAY,10,10/28/25 5:22:23 PM,1888921506,PRCK7Vrl,10/28/25 5:22:23 PM,
PSCMEPRC0003 DEMO,Filled,SELL,20,0,ZWAZ25,527'6,MKT,,DAY,20,10/28/25 5:22:43 PM,1888880649,PRCK7Vrl,10/28/25 5:22:43 PM,
PSCMEPRC0003 DEMO,Filled,SELL,5,0,EPZ25,6912.00,MKT,,DAY,5,10/28/25 5:23:54 PM,1888921569,PRCK7Vrl,10/28/25 5:23:54 PM,
PSCMEPRC0003 DEMO,Filled,SELL,2,0,ENQZ25,26075.50,MKT,,DAY,2,10/28/25 5:24:10 PM,1888870579,PRCK7Vrl,10/28/25 5:24:10 PM,
PSCMEPRC0003 DEMO,Filled,SELL,1,0,YMZ25,47889,MKT,,DAY,1,10/28/25 5:24:17 PM,1888880711,PRCK7Vrl,10/28/25 5:24:18 PM,
PSCMEPRC0003 DEMO,Filled,SELL,3,0,TYAZ25,113'145,MKT,,DAY,3,10/28/25 5:24:29 PM,1888941337,PRCK7Vrl,10/28/25 5:24:29 PM,
PSCMEPRC0003 DEMO,Filled,SELL,3,0,USAZ25,119'000,MKT,,DAY,3,10/28/25 5:24:43 PM,1888880722,PRCK7Vrl,10/28/25 5:24:43 PM,
PSCMEPRC0003 DEMO,Filled,BUY,12,0,SIEZ25,47.129,MKT,,DAY,12,10/28/25 11:29:15 PM,1888946128,PRCDS2Su,10/28/25 11:29:15 PM,
PSCMEPRC0003 DEMO,Filled,BUY,10,0,SIEZ25,48.260,MKT,,DAY,10,10/29/25 9:28:53 AM,1888930308,PRCMqCaX,10/29/25 9:28:54 AM,
PSCMEPRC0003 DEMO,Filled,SELL,8,0,GCEZ25,4033.0,STP,,DAY,8,10/29/25 1:34:45 PM,1888961127,PRCMqCaX,10/29/25 2:00:28 PM,
PSCMEPRC0003 DEMO,Filled,SELL,7,0,GCEZ25,4031.0,MKT,,DAY,7,10/29/25 2:02:23 PM,1889021399,PRCMqCaX,10/29/25 2:02:23 PM,
PSCMEPRC0003 DEMO,Filled,SELL,10,0,SIEZ25,48.300,MKT,,DAY,10,10/29/25 2:02:45 PM,1889002443,PRCMqCaX,10/29/25 2:02:46 PM,
PSCMEPRC0003 DEMO,Filled,BUY,7,0,GCEZ25,4031.0,MKT,,DAY,7,10/29/25 2:23:09 PM,1888980437,PRCMqCaX,10/29/25 2:23:10 PM,
PSCMEPRC0003 DEMO,Filled,BUY,10,0,GCEZ25,3952.2,MKT,,DAY,10,10/29/25 9:09:54 PM,1889089239,PRCMqCaX,10/29/25 9:09:56 PM,
PSCMEPRC0003 DEMO,Filled,BUY,10,0,SIEZ25,47.325,MKT,,DAY,10,10/29/25 9:10:36 PM,1889101419,PRCMqCaX,10/29/25 9:10:37 PM,
PSCMEPRC0003 DEMO,Filled,SELL,10,0,SIEZ25,47.380,MKT,,DAY,10,10/29/25 9:16:04 PM,1889111496,PRCMqCaX,10/29/25 9:16:06 PM,
PSCMEPRC0003 DEMO,Filled,SELL,10,0,GCEZ25,3954.6,MKT,,DAY,10,10/29/25 9:16:07 PM,1889089651,PRCMqCaX,10/29/25 9:16:09 PM,
PSCMEPRC0003 DEMO,Filled,SELL,2,0,SIEZ25,48.150,MKT,,DAY,2,10/30/25 10:17:10 AM,1889107168,PRCDS2Su,10/30/25 10:17:11 AM,
PSCMEPRC0003 DEMO,Filled,SELL,10,0,SIEZ25,48.153,MKT,,DAY,10,10/30/25 10:18:23 AM,1889126638,PRCDS2Su,10/30/25 10:18:23 AM,
PSCMEPRC0003 DEMO,Filled,BUY,12,0,SIEZ25,48.076,MKT,,DAY,12,10/30/25 10:20:34 AM,1889107202,PRCDS2Su,10/30/25 10:20:34 AM,
PSCMEPRC0003 DEMO,Filled,BUY,2,0,RBEZ25,1.8636,MKT,,DAY,2,10/30/25 1:44:04 PM,1889138234,PRCDS2Su,10/30/25 1:44:04 PM,
PSCMEPRC0003 DEMO,Filled,BUY,10,0,RBEZ25,1.8623,MKT,,DAY,10,10/30/25 1:45:22 PM,1889138248,PRCDS2Su,10/30/25 1:45:23 PM,
PSCMEPRC0003 DEMO,Filled,BUY,15,0,RBEZ25,1.8634,MKT,,DAY,15,10/30/25 1:49:53 PM,1889128752,PRCDS2Su,10/30/25 1:49:58 PM,
PSCMEPRC0003 DEMO,Filled,SELL,17,0,RBEZ25,1.8668,MKT,,DAY,17,10/30/25 1:54:07 PM,1889138406,PRCDS2Su,10/30/25 1:54:10 PM,
PSCMEPRC0003 DEMO,Filled,SELL,10,0,RBEZ25,1.8661,MKT,,DAY,10,10/30/25 1:55:46 PM,1889120040,PRCDS2Su,10/30/25 1:55:50 PM,
PSCMEPRC0003 DEMO,Filled,SELL,5,0,SIEZ25,48.435,MKT,,DAY,5,10/30/25 3:12:43 PM,1889183755,PRCDS2Su,10/30/25 3:12:44 PM,
PSCMEPRC0003 DEMO,Filled,SELL,5,0,SIEZ25,48.535,MKT,,DAY,5,10/30/25 3:19:25 PM,1889202927,PRCDS2Su,10/30/25 3:19:26 PM,
PSCMEPRC0003 DEMO,Filled,SELL,10,0,SIEZ25,48.455,MKT,,DAY,10,10/30/25 3:23:34 PM,1889203145,PRCDS2Su,10/30/25 3:23:34 PM,
PSCMEPRC0003 DEMO,Filled,BUY,20,0,SIEZ25,48.423,MKT,,DAY,20,10/30/25 3:26:54 PM,1889184455,PRCDS2Su,10/30/25 3:26:55 PM,
PSCMEPRC0003 DEMO,Filled,SELL,2,0,ENQZ25,25909.88,MKT,,DAY,2,10/30/25 8:40:05 PM,1889263709,PRCK7Vrl,10/30/25 8:40:05 PM,
PSCMEPRC0003 DEMO,Filled,SELL,3,0,EPZ25,6860.75,MKT,,DAY,3,10/30/25 8:40:26 PM,1889272772,PRCK7Vrl,10/30/25 8:40:26 PM,
PSCMEPRC0003 DEMO,Filled,SELL,10,0,GCEZ25,4031.5,MKT,,DAY,10,10/30/25 9:29:23 PM,1889282836,PRCMqCaX,10/30/25 9:29:27 PM,
PSCMEPRC0003 DEMO,Filled,BUY,4,0,ENQZ25,26097.88,MKT,,DAY,4,10/30/25 9:41:55 PM,1889236531,PRCK7Vrl,10/30/25 9:41:55 PM,
PSCMEPRC0003 DEMO,Filled,BUY,5,0,EPZ25,6888.75,MKT,,DAY,5,10/30/25 9:42:38 PM,1889283013,PRCK7Vrl,10/30/25 9:42:38 PM,
PSCMEPRC0003 DEMO,Filled,BUY,2,0,ENQZ25,26142.63,MKT,,DAY,2,10/30/25 9:46:09 PM,1889283052,PRCK7Vrl,10/30/25 9:46:09 PM,
PSCMEPRC0003 DEMO,Filled,BUY,3,0,EPZ25,6895.50,MKT,,DAY,3,10/30/25 9:46:21 PM,1889264558,PRCK7Vrl,10/30/25 9:46:21 PM,
PSCMEPRC0003 DEMO,Filled,BUY,10,0,GCEZ25,4012.8,MKT,,DAY,10,10/31/25 6:43:19 AM,1889248714,PRCMqCaX,10/31/25 6:43:21 AM,
PSCMEPRC0003 DEMO,Filled,SELL,4,0,ENQZ25,26165.75,MKT,,DAY,4,10/31/25 6:52:17 AM,1889258535,PRCK7Vrl,10/31/25 6:52:18 AM,
PSCMEPRC0003 DEMO,Filled,SELL,5,0,EPZ25,6895.25,MKT,,DAY,5,10/31/25 6:52:32 AM,1889276345,PRCK7Vrl,10/31/25 6:52:32 AM,
PSCMEPRC0003 DEMO,Filled,BUY,10,0,GCEZ25,4032.4,MKT,,DAY,10,10/31/25 8:58:52 AM,1889239631,PRCMqCaX,10/31/25 8:58:53 AM,
PSCMEPRC0003 DEMO,Filled,BUY,10,0,SIEZ25,48.850,MKT,,DAY,10,10/31/25 8:59:03 AM,1889239632,PRCMqCaX,10/31/25 8:59:03 AM,
PSCMEPRC0003 DEMO,Filled,SELL,10,0,GCEZ25,4032.6,MKT,,DAY,10,10/31/25 9:48:54 AM,1889259482,PRCMqCaX,10/31/25 9:48:56 AM,
PSCMEPRC0003 DEMO,Filled,SELL,10,0,SIEZ25,48.605,MKT,,DAY,10,10/31/25 9:50:25 AM,1889249826,PRCMqCaX,10/31/25 9:50:26 AM,
PSCMEPRC0003 DEMO,Filled,SELL,10,0,GCEZ25,4044.4,MKT,,DAY,10,10/31/25 1:42:53 PM,1889311186,PRCMqCaX,10/31/25 1:42:53 PM,
PSCMEPRC0003 DEMO,Filled,SELL,20,0,CLEZ25,60.71,MKT,,DAY,20,10/31/25 1:49:34 PM,1889311338,PRCDS2Su,10/31/25 1:49:34 PM,
PSCMEPRC0003 DEMO,Filled,SELL,10,0,GCEZ25,4043.0,MKT,,DAY,10,10/31/25 1:49:50 PM,1889291945,PRCDS2Su,10/31/25 1:49:50 PM,
PSCMEPRC0003 DEMO,Filled,BUY,10,0,GCEZ25,4044.7,MKT,,DAY,10,10/31/25 1:50:01 PM,1889291949,PRCDS2Su,10/31/25 1:50:03 PM,
PSCMEPRC0003 DEMO,Filled,SELL,10,0,CLEZ25,60.71,MKT,,DAY,10,10/31/25 1:53:39 PM,1889270024,PRCDS2Su,10/31/25 1:53:39 PM,
PSCMEPRC0003 DEMO,Filled,SELL,10,0,GCEZ25,4038.9,MKT,,DAY,10,10/31/25 1:53:56 PM,1889301820,PRCDS2Su,10/31/25 1:53:56 PM,
PSCMEPRC0003 DEMO,Filled,BUY,10,0,GCEZ25,4038.7,MKT,,DAY,10,10/31/25 1:54:04 PM,1889279170,PRCDS2Su,10/31/25 1:54:04 PM,
PSCMEPRC0003 DEMO,Filled,SELL,5,0,RBEZ25,1.9010,MKT,,DAY,5,10/31/25 2:08:50 PM,1889292370,PRCDS2Su,10/31/25 2:08:52 PM,
PSCMEPRC0003 DEMO,Filled,SELL,5,0,CLEZ25,61.10,MKT,,DAY,5,10/31/25 2:10:53 PM,1889292440,PRCDS2Su,10/31/25 2:10:53 PM,
PSCMEPRC0003 DEMO,Filled,BUY,5,0,RBEZ25,1.8924,MKT,,DAY,5,10/31/25 2:31:08 PM,1889289588,PRCDS2Su,10/31/25 2:31:09 PM,
PSCMEPRC0003 DEMO,Filled,SELL,10,0,CLEZ25,60.95,MKT,,DAY,10,10/31/25 2:34:12 PM,1889312543,PRCDS2Su,10/31/25 2:34:12 PM,
PSCMEPRC0003 DEMO,Filled,SELL,5,0,CLEZ25,60.94,MKT,,DAY,5,10/31/25 2:34:43 PM,1889280190,PRCDS2Su,10/31/25 2:34:44 PM,
PSCMEPRC0003 DEMO,Filled,BUY,50,0,CLEZ25,60.66,MKT,,DAY,50,10/31/25 3:26:15 PM,1889323854,PRCDS2Su,10/31/25 3:26:15 PM,
PSCMEPRC0003 DEMO,Filled,BUY,10,0,GCEZ25,4030.3,MKT,,DAY,10,10/31/25 3:36:55 PM,1889305963,PRCDS2Su,10/31/25 3:36:56 PM,
